from_address,to_address,duration_min,from_lat,from_lon,to_lat,to_lon
"344011, г. Ростов-на-Дону, ул. Большая Садовая, д. 1","344002, г. Ростов-на-Дону, пр. Буденновский, д. 15",6.23,47.21805,39.697207,47.217621,39.707611
"344011, г. Ростов-на-Дону, ул. Большая Садовая, д. 1","344019, г. Ростов-на-Дону, ул. Красноармейская, д. 67",3.63,47.21805,39.697207,47.221096,39.69097
"344011, г. Ростов-на-Дону, ул. Большая Садовая, д. 1","344025, г. Ростов-на-Дону, пр. Ворошиловский, д. 32",8.6,47.21805,39.697207,47.225482,39.717826
"344011, г. Ростов-на-Дону, ул. Большая Садовая, д. 1","344037, г. Ростов-на-Дону, ул. Таганрогская, д. 124",22.95,47.21805,39.697207,47.255549,39.644401
"344011, г. Ростов-на-Дону, ул. Большая Садовая, д. 1","344009, г. Ростов-на-Дону, ул. Пушкинская, д. 89",6.2,47.21805,39.697207,47.224904,39.711349
"344011, г. Ростов-на-Дону, ул. Большая Садовая, д. 1","344015, г. Ростов-на-Дону, пр. Стачки, д. 45",6.2,47.21805,39.697207,47.210328,39.692724
"344011, г. Ростов-на-Дону, ул. Большая Садовая, д. 1","344038, г. Ростов-на-Дону, ул. Малиновского, д. 76",17.55,47.21805,39.697207,47.233896,39.61461
"344011, г. Ростов-на-Дону, ул. Большая Садовая, д. 1","344006, г. Ростов-на-Дону, ул. Горького, д. 23",5.65,47.21805,39.697207,47.223208,39.697369
"344011, г. Ростов-на-Дону, ул. Большая Садовая, д. 1","344029, г. Ростов-на-Дону, ул. Социалистическая, д. 54",5.8,47.21805,39.697207,47.218795,39.707842
"344002, г. Ростов-на-Дону, пр. Буденновский, д. 15","344011, г. Ростов-на-Дону, ул. Большая Садовая, д. 1",4.48,47.217621,39.707611,47.21805,39.697207
"344002, г. Ростов-на-Дону, пр. Буденновский, д. 15","344019, г. Ростов-на-Дону, ул. Красноармейская, д. 67",5.67,47.217621,39.707611,47.221096,39.69097
"344002, г. Ростов-на-Дону, пр. Буденновский, д. 15","344025, г. Ростов-на-Дону, пр. Ворошиловский, д. 32",4.05,47.217621,39.707611,47.225482,39.717826
"344002, г. Ростов-на-Дону, пр. Буденновский, д. 15","344037, г. Ростов-на-Дону, ул. Таганрогская, д. 124",21.38,47.217621,39.707611,47.255549,39.644401
"344002, г. Ростов-на-Дону, пр. Буденновский, д. 15","344009, г. Ростов-на-Дону, ул. Пушкинская, д. 89",2.85,47.217621,39.707611,47.224904,39.711349
"344002, г. Ростов-на-Дону, пр. Буденновский, д. 15","344015, г. Ростов-на-Дону, пр. Стачки, д. 45",4.38,47.217621,39.707611,47.210328,39.692724
"344002, г. Ростов-на-Дону, пр. Буденновский, д. 15","344038, г. Ростов-на-Дону, ул. Малиновского, д. 76",15.23,47.217621,39.707611,47.233896,39.61461
"344002, г. Ростов-на-Дону, пр. Буденновский, д. 15","344006, г. Ростов-на-Дону, ул. Горького, д. 23",4.33,47.217621,39.707611,47.223208,39.697369
"344002, г. Ростов-на-Дону, пр. Буденновский, д. 15","344029, г. Ростов-на-Дону, ул. Социалистическая, д. 54",0.78,47.217621,39.707611,47.218795,39.707842
"344019, г. Ростов-на-Дону, ул. Красноармейская, д. 67","344011, г. Ростов-на-Дону, ул. Большая Садовая, д. 1",3.42,47.221096,39.69097,47.21805,39.697207
"344019, г. Ростов-на-Дону, ул. Красноармейская, д. 67","344002, г. Ростов-на-Дону, пр. Буденновский, д. 15",5.72,47.221096,39.69097,47.217621,39.707611
"344019, г. Ростов-на-Дону, ул. Красноармейская, д. 67","344025, г. Ростов-на-Дону, пр. Ворошиловский, д. 32",6.87,47.221096,39.69097,47.225482,39.717826
"344019, г. Ростов-на-Дону, ул. Красноармейская, д. 67","344037, г. Ростов-на-Дону, ул. Таганрогская, д. 124",21.43,47.221096,39.69097,47.255549,39.644401
"344019, г. Ростов-на-Дону, ул. Красноармейская, д. 67","344009, г. Ростов-на-Дону, ул. Пушкинская, д. 89",4.57,47.221096,39.69097,47.224904,39.711349
"344019, г. Ростов-на-Дону, ул. Красноармейская, д. 67","344015, г. Ростов-на-Дону, пр. Стачки, д. 45",5.63,47.221096,39.69097,47.210328,39.692724
"344019, г. Ростов-на-Дону, ул. Красноармейская, д. 67","344038, г. Ростов-на-Дону, ул. Малиновского, д. 76",16.63,47.221096,39.69097,47.233896,39.61461
"344019, г. Ростов-на-Дону, ул. Красноармейская, д. 67","344006, г. Ростов-на-Дону, ул. Горького, д. 23",3.7,47.221096,39.69097,47.223208,39.697369
"344019, г. Ростов-на-Дону, ул. Красноармейская, д. 67","344029, г. Ростов-на-Дону, ул. Социалистическая, д. 54",5.37,47.221096,39.69097,47.218795,39.707842
"344025, г. Ростов-на-Дону, пр. Ворошиловский, д. 32","344011, г. Ростов-на-Дону, ул. Большая Садовая, д. 1",4.47,47.225482,39.717826,47.21805,39.697207
"344025, г. Ростов-на-Дону, пр. Ворошиловский, д. 32","344002, г. Ростов-на-Дону, пр. Буденновский, д. 15",5.4,47.225482,39.717826,47.217621,39.707611
"344025, г. Ростов-на-Дону, пр. Ворошиловский, д. 32","344019, г. Ростов-на-Дону, ул. Красноармейская, д. 67",7.08,47.225482,39.717826,47.221096,39.69097
"344025, г. Ростов-на-Дону, пр. Ворошиловский, д. 32","344037, г. Ростов-на-Дону, ул. Таганрогская, д. 124",21.55,47.225482,39.717826,47.255549,39.644401
"344025, г. Ростов-на-Дону, пр. Ворошиловский, д. 32","344009, г. Ростов-на-Дону, ул. Пушкинская, д. 89",1.78,47.225482,39.717826,47.224904,39.711349
"344025, г. Ростов-на-Дону, пр. Ворошиловский, д. 32","344015, г. Ростов-на-Дону, пр. Стачки, д. 45",7.78,47.225482,39.717826,47.210328,39.692724
"344025, г. Ростов-на-Дону, пр. Ворошиловский, д. 32","344038, г. Ростов-на-Дону, ул. Малиновского, д. 76",19.02,47.225482,39.717826,47.233896,39.61461
"344025, г. Ростов-на-Дону, пр. Ворошиловский, д. 32","344006, г. Ростов-на-Дону, ул. Горького, д. 23",4.27,47.225482,39.717826,47.223208,39.697369
"344025, г. Ростов-на-Дону, пр. Ворошиловский, д. 32","344029, г. Ростов-на-Дону, ул. Социалистическая, д. 54",4.87,47.225482,39.717826,47.218795,39.707842
"344037, г. Ростов-на-Дону, ул. Таганрогская, д. 124","344011, г. Ростов-на-Дону, ул. Большая Садовая, д. 1",18.3,47.255549,39.644401,47.21805,39.697207
"344037, г. Ростов-на-Дону, ул. Таганрогская, д. 124","344002, г. Ростов-на-Дону, пр. Буденновский, д. 15",18.48,47.255549,39.644401,47.217621,39.707611
"344037, г. Ростов-на-Дону, ул. Таганрогская, д. 124","344019, г. Ростов-на-Дону, ул. Красноармейская, д. 67",20.85,47.255549,39.644401,47.221096,39.69097
"344037, г. Ростов-на-Дону, ул. Таганрогская, д. 124","344025, г. Ростов-на-Дону, пр. Ворошиловский, д. 32",20.5,47.255549,39.644401,47.225482,39.717826
"344037, г. Ростов-на-Дону, ул. Таганрогская, д. 124","344009, г. Ростов-на-Дону, ул. Пушкинская, д. 89",17.88,47.255549,39.644401,47.224904,39.711349
"344037, г. Ростов-на-Дону, ул. Таганрогская, д. 124","344015, г. Ростов-на-Дону, пр. Стачки, д. 45",22.53,47.255549,39.644401,47.210328,39.692724
"344037, г. Ростов-на-Дону, ул. Таганрогская, д. 124","344038, г. Ростов-на-Дону, ул. Малиновского, д. 76",10.52,47.255549,39.644401,47.233896,39.61461
"344037, г. Ростов-на-Дону, ул. Таганрогская, д. 124","344006, г. Ростов-на-Дону, ул. Горького, д. 23",17.78,47.255549,39.644401,47.223208,39.697369
"344037, г. Ростов-на-Дону, ул. Таганрогская, д. 124","344029, г. Ростов-на-Дону, ул. Социалистическая, д. 54",17.97,47.255549,39.644401,47.218795,39.707842
"344009, г. Ростов-на-Дону, ул. Пушкинская, д. 89","344011, г. Ростов-на-Дону, ул. Большая Садовая, д. 1",4.1,47.224904,39.711349,47.21805,39.697207
"344009, г. Ростов-на-Дону, ул. Пушкинская, д. 89","344002, г. Ростов-на-Дону, пр. Буденновский, д. 15",5.48,47.224904,39.711349,47.217621,39.707611
"344009, г. Ростов-на-Дону, ул. Пушкинская, д. 89","344019, г. Ростов-на-Дону, ул. Красноармейская, д. 67",5.8,47.224904,39.711349,47.221096,39.69097
"344009, г. Ростов-на-Дону, ул. Пушкинская, д. 89","344025, г. Ростов-на-Дону, пр. Ворошиловский, д. 32",3.88,47.224904,39.711349,47.225482,39.717826
"344009, г. Ростов-на-Дону, ул. Пушкинская, д. 89","344037, г. Ростов-на-Дону, ул. Таганрогская, д. 124",19.5,47.224904,39.711349,47.255549,39.644401
"344009, г. Ростов-на-Дону, ул. Пушкинская, д. 89","344015, г. Ростов-на-Дону, пр. Стачки, д. 45",7.67,47.224904,39.711349,47.210328,39.692724
"344009, г. Ростов-на-Дону, ул. Пушкинская, д. 89","344038, г. Ростов-на-Дону, ул. Малиновского, д. 76",19.45,47.224904,39.711349,47.233896,39.61461
"344009, г. Ростов-на-Дону, ул. Пушкинская, д. 89","344006, г. Ростов-на-Дону, ул. Горького, д. 23",3.6,47.224904,39.711349,47.223208,39.697369
"344009, г. Ростов-на-Дону, ул. Пушкинская, д. 89","344029, г. Ростов-на-Дону, ул. Социалистическая, д. 54",5.5,47.224904,39.711349,47.218795,39.707842
"344015, г. Ростов-на-Дону, пр. Стачки, д. 45","344011, г. Ростов-на-Дону, ул. Большая Садовая, д. 1",3.65,47.210328,39.692724,47.21805,39.697207
"344015, г. Ростов-на-Дону, пр. Стачки, д. 45","344002, г. Ростов-на-Дону, пр. Буденновский, д. 15",2.77,47.210328,39.692724,47.217621,39.707611
"344015, г. Ростов-на-Дону, пр. Стачки, д. 45","344019, г. Ростов-на-Дону, ул. Красноармейская, д. 67",5.15,47.210328,39.692724,47.221096,39.69097
"344015, г. Ростов-на-Дону, пр. Стачки, д. 45","344025, г. Ростов-на-Дону, пр. Ворошиловский, д. 32",6.45,47.210328,39.692724,47.225482,39.717826
"344015, г. Ростов-на-Дону, пр. Стачки, д. 45","344037, г. Ростов-на-Дону, ул. Таганрогская, д. 124",23.67,47.210328,39.692724,47.255549,39.644401
"344015, г. Ростов-на-Дону, пр. Стачки, д. 45","344009, г. Ростов-на-Дону, ул. Пушкинская, д. 89",5.93,47.210328,39.692724,47.224904,39.711349
"344015, г. Ростов-на-Дону, пр. Стачки, д. 45","344038, г. Ростов-на-Дону, ул. Малиновского, д. 76",14.22,47.210328,39.692724,47.233896,39.61461
"344015, г. Ростов-на-Дону, пр. Стачки, д. 45","344006, г. Ростов-на-Дону, ул. Горького, д. 23",4.3,47.210328,39.692724,47.223208,39.697369
"344015, г. Ростов-на-Дону, пр. Стачки, д. 45","344029, г. Ростов-на-Дону, ул. Социалистическая, д. 54",3.55,47.210328,39.692724,47.218795,39.707842
"344038, г. Ростов-на-Дону, ул. Малиновского, д. 76","344011, г. Ростов-на-Дону, ул. Большая Садовая, д. 1",17.13,47.233896,39.61461,47.21805,39.697207
"344038, г. Ростов-на-Дону, ул. Малиновского, д. 76","344002, г. Ростов-на-Дону, пр. Буденновский, д. 15",16.7,47.233896,39.61461,47.217621,39.707611
"344038, г. Ростов-на-Дону, ул. Малиновского, д. 76","344019, г. Ростов-на-Дону, ул. Красноармейская, д. 67",16.17,47.233896,39.61461,47.221096,39.69097
"344038, г. Ростов-на-Дону, ул. Малиновского, д. 76","344025, г. Ростов-на-Дону, пр. Ворошиловский, д. 32",19.57,47.233896,39.61461,47.225482,39.717826
"344038, г. Ростов-на-Дону, ул. Малиновского, д. 76","344037, г. Ростов-на-Дону, ул. Таганрогская, д. 124",8.83,47.233896,39.61461,47.255549,39.644401
"344038, г. Ростов-на-Дону, ул. Малиновского, д. 76","344009, г. Ростов-на-Дону, ул. Пушкинская, д. 89",18.4,47.233896,39.61461,47.224904,39.711349
"344038, г. Ростов-на-Дону, ул. Малиновского, д. 76","344015, г. Ростов-на-Дону, пр. Стачки, д. 45",15.65,47.233896,39.61461,47.210328,39.692724
"344038, г. Ростов-на-Дону, ул. Малиновского, д. 76","344006, г. Ростов-на-Дону, ул. Горького, д. 23",19.37,47.233896,39.61461,47.223208,39.697369
"344038, г. Ростов-на-Дону, ул. Малиновского, д. 76","344029, г. Ростов-на-Дону, ул. Социалистическая, д. 54",17.5,47.233896,39.61461,47.218795,39.707842
"344006, г. Ростов-на-Дону, ул. Горького, д. 23","344011, г. Ростов-на-Дону, ул. Большая Садовая, д. 1",1.63,47.223208,39.697369,47.21805,39.697207
"344006, г. Ростов-на-Дону, ул. Горького, д. 23","344002, г. Ростов-на-Дону, пр. Буденновский, д. 15",3.3,47.223208,39.697369,47.217621,39.707611
"344006, г. Ростов-на-Дону, ул. Горького, д. 23","344019, г. Ростов-на-Дону, ул. Красноармейская, д. 67",3.6,47.223208,39.697369,47.221096,39.69097
"344006, г. Ростов-на-Дону, ул. Горького, д. 23","344025, г. Ростов-на-Дону, пр. Ворошиловский, д. 32",6.08,47.223208,39.697369,47.225482,39.717826
"344006, г. Ростов-на-Дону, ул. Горького, д. 23","344037, г. Ростов-на-Дону, ул. Таганрогская, д. 124",20.72,47.223208,39.697369,47.255549,39.644401
"344006, г. Ростов-на-Дону, ул. Горького, д. 23","344009, г. Ростов-на-Дону, ул. Пушкинская, д. 89",2.98,47.223208,39.697369,47.224904,39.711349
"344006, г. Ростов-на-Дону, ул. Горького, д. 23","344015, г. Ростов-на-Дону, пр. Стачки, д. 45",6.08,47.223208,39.697369,47.210328,39.692724
"344006, г. Ростов-на-Дону, ул. Горького, д. 23","344038, г. Ростов-на-Дону, ул. Малиновского, д. 76",17.62,47.223208,39.697369,47.233896,39.61461
"344006, г. Ростов-на-Дону, ул. Горького, д. 23","344029, г. Ростов-на-Дону, ул. Социалистическая, д. 54",3.05,47.223208,39.697369,47.218795,39.707842
"344029, г. Ростов-на-Дону, ул. Социалистическая, д. 54","344011, г. Ростов-на-Дону, ул. Большая Садовая, д. 1",3.73,47.218795,39.707842,47.21805,39.697207
"344029, г. Ростов-на-Дону, ул. Социалистическая, д. 54","344002, г. Ростов-на-Дону, пр. Буденновский, д. 15",2.92,47.218795,39.707842,47.217621,39.707611
"344029, г. Ростов-на-Дону, ул. Социалистическая, д. 54","344019, г. Ростов-на-Дону, ул. Красноармейская, д. 67",4.73,47.218795,39.707842,47.221096,39.69097
"344029, г. Ростов-на-Дону, ул. Социалистическая, д. 54","344025, г. Ростов-на-Дону, пр. Ворошиловский, д. 32",4.92,47.218795,39.707842,47.225482,39.717826
"344029, г. Ростов-на-Дону, ул. Социалистическая, д. 54","344037, г. Ростов-на-Дону, ул. Таганрогская, д. 124",22.08,47.218795,39.707842,47.255549,39.644401
"344029, г. Ростов-на-Дону, ул. Социалистическая, д. 54","344009, г. Ростов-на-Дону, ул. Пушкинская, д. 89",4.0,47.218795,39.707842,47.224904,39.711349
"344029, г. Ростов-на-Дону, ул. Социалистическая, д. 54","344015, г. Ростов-на-Дону, пр. Стачки, д. 45",4.88,47.218795,39.707842,47.210328,39.692724
"344029, г. Ростов-на-Дону, ул. Социалистическая, д. 54","344038, г. Ростов-на-Дону, ул. Малиновского, д. 76",16.25,47.218795,39.707842,47.233896,39.61461
